model,display_name,feature_level,sample_size,delta125_mean,delta125_std,full_delta125,delta_abs_gap,delta_relative_gap,absrel_mean,absrel_std,full_absrel,absrel_abs_gap,absrel_relative_gap,mae_mean,mae_std
vlm3r_baseline,Baseline,projected_features,25,0.6271016200383505,0.0042877700981958896,0.772748,0.14564637996164953,0.18847849488015436,0.21635816991329193,0.010267407324128982,0.154915,0.061443169913291934,0.3966250518884029,0.38477459207982334,0.0054653409572049776
vlm3r_baseline,Baseline,projected_features,100,0.686052660147349,0.008101584474705043,0.772748,0.08669533985265099,0.11219095986356611,0.18848055601119995,0.000724332754551309,0.154915,0.033565556011199954,0.21667079373333734,0.3383784370601192,0.003794842653493636
vlm3r_baseline,Baseline,projected_features,200,0.7145059903462728,0.004002719199853459,0.772748,0.05824200965372717,0.07536999080389359,0.17923016846179962,0.000707118148142976,0.154915,0.024315168461799624,0.15695812840460655,0.31897006277379014,0.0010392180714770228
vlm3r_baseline,Baseline,projected_features,400,0.7379983067512512,0.0028363457626367833,0.772748,0.03474969324874877,0.044968985036193905,0.16998610893885294,0.0006605367613939304,0.154915,0.01507110893885294,0.0972863114537194,0.3016373939994174,0.0004314692442722892
vlm3r_baseline,Baseline,layer_0,25,0.65883735815684,0.013425773795246877,0.779912,0.12107464184316008,0.15524141421488588,0.19996664921442667,0.004221770037311731,0.154277,0.04568964921442667,0.2961533424582191,0.3609593146604737,0.007380381777567576
vlm3r_baseline,Baseline,layer_0,100,0.7110694050788879,0.004796839487029165,0.779912,0.06884259492111211,0.08826969571068545,0.17780804137388864,0.0015735051388268092,0.154277,0.023531041373888645,0.15252462372154402,0.32050466293771135,0.0025855746641247133
vlm3r_baseline,Baseline,layer_0,200,0.7323807875315348,0.003679598214288026,0.779912,0.047531212468465256,0.060944327652947064,0.17283995946248373,0.0017202364989229192,0.154277,0.018562959462483736,0.12032227397786927,0.3067218605319293,0.0016351284256948307
vlm3r_baseline,Baseline,layer_0,400,0.7536877592404684,0.0013528699779442677,0.779912,0.02622424075953167,0.033624615032890465,0.16218475004037222,0.0003588736432765954,0.154277,0.007907750040372225,0.05125683050858018,0.2900042690349572,0.0009621407223280097
vlm3r_baseline,Baseline,layer_1,25,0.6681470473607382,0.01111263746835811,0.789759,0.12161195263926183,0.15398615607959115,0.19688662886619568,0.0033666709577049995,0.148129,0.04875762886619567,0.3291565383293998,0.35351369603730404,0.005550031710258419
vlm3r_baseline,Baseline,layer_1,100,0.7195243239402771,0.004902778384272336,0.789759,0.07023467605972289,0.08893178306258351,0.17731937766075134,0.002677780088995945,0.148129,0.029190377660751332,0.1970605192821887,0.3160446794304235,0.002083005945038353
vlm3r_baseline,Baseline,layer_1,200,0.7385931015014648,0.001654889901835824,0.789759,0.051165898498535145,0.06478672417602731,0.16897960007190704,0.0023723454841626454,0.148129,0.020850600071907033,0.1407597436822434,0.30048319075828683,0.0007376998860317979
vlm3r_baseline,Baseline,layer_1,400,0.7621118426322937,0.0011888964400858374,0.789759,0.027647157367706288,0.03500708110664936,0.16033298273881277,0.001589207505341858,0.148129,0.012203982738812763,0.0823875320755069,0.2839841722647937,0.00025938966417457483
vlm3r_baseline,Baseline,layer_6,25,0.6794746319452921,0.010711367428199565,0.802778,0.12330336805470787,0.15359584848452235,0.19364778697490692,0.005275908835760828,0.144518,0.049129786974906914,0.3399561782954851,0.3447376846666293,0.006774599543559423
vlm3r_baseline,Baseline,layer_6,100,0.7303364475568136,0.00848674892227443,0.802778,0.0724415524431864,0.09023858706041571,0.17344367504119873,0.004218024574634698,0.144518,0.028925675041198723,0.20015274942359237,0.30606422950045714,0.005271596356180851
vlm3r_baseline,Baseline,layer_6,200,0.7516037424405416,0.004368277587310739,0.802778,0.05117425755945837,0.06374646235878209,0.16491040587425232,0.0025925277955087178,0.144518,0.020392405874252312,0.14110633882459148,0.2909005778126022,0.0029072299141346906
vlm3r_baseline,Baseline,layer_6,400,0.7752810915311178,0.004843374889324683,0.802778,0.027496908468882197,0.03425219483952251,0.1554164638121923,0.0016566454346901517,0.144518,0.010898463812192283,0.0754125009493093,0.2745251223465422,0.0031454239235664296
vlm3r_baseline,Baseline,layer_27,25,0.5014627675215403,0.009997710899640843,0.631001,0.12953823247845975,0.20529005893565896,0.29456538955370587,0.003476299350829444,0.225214,0.06935138955370587,0.3079355171246276,0.49934704022809057,0.007112850682506972
vlm3r_baseline,Baseline,layer_27,100,0.5617708365122477,0.0016677460816977303,0.631001,0.06923016348775235,0.10971482372888845,0.2591954966386159,0.003926840550398957,0.225214,0.03398149663861591,0.1508853652020563,0.44083407216722353,0.002260680448995086
vlm3r_baseline,Baseline,layer_27,200,0.5821657776832581,0.002557085966720712,0.631001,0.04883522231674198,0.07739325661408139,0.24400736888249716,0.002053819624448859,0.225214,0.018793368882497163,0.08344671682265385,0.41977610364033713,0.0020111040005714774
vlm3r_baseline,Baseline,layer_27,400,0.6057946483294169,0.0029319679709619837,0.631001,0.02520635167058316,0.03994661128997127,0.23462041219075522,0.002901599944151772,0.225214,0.00940641219075522,0.041766551771893486,0.4008645536380981,0.0005894064209919332
cut3r_spatialstack_44323703,SpatialStack 0/1/2,projected_features,25,0.4913864533106486,0.00572378053272065,0.603508,0.11212154668935143,0.18578303301588614,0.3029598792394002,0.008985843146985511,0.231073,0.07188687923940021,0.31110029834467984,0.51086855225457,0.004438626466788577
cut3r_spatialstack_44323703,SpatialStack 0/1/2,projected_features,100,0.5436493158340454,0.0028104855592604966,0.603508,0.059858684165954634,0.09918457446455495,0.2732150157292684,0.004469017542430285,0.231073,0.04214201572926837,0.18237533476117232,0.4562775032802067,0.0010093395615910924
cut3r_spatialstack_44323703,SpatialStack 0/1/2,projected_features,200,0.5628678997357687,0.00333474867864228,0.603508,0.04064010026423137,0.06733978715150647,0.25722719232241315,0.004861281970991504,0.231073,0.026154192322413145,0.11318584309899099,0.4351361793624826,0.0013005822537104441
cut3r_spatialstack_44323703,SpatialStack 0/1/2,projected_features,400,0.5907572905222574,0.0033996310905224127,0.603508,0.012750709477742594,0.021127656100238264,0.24654502669970194,0.0022467381933851493,0.231073,0.015472026699701935,0.06695731089180447,0.4124759269220358,0.0022901057016329715
cut3r_spatialstack_44323703,SpatialStack 0/1/2,layer_0,25,0.9705905914306641,0.0010055897818244074,0.99388,0.023289408569335923,0.02343281741189673,0.07035610328118007,0.0016844742361720815,0.039893,0.03046310328118007,0.7636202662416983,0.1335797188191338,0.0014571219170601438
cut3r_spatialstack_44323703,SpatialStack 0/1/2,layer_0,100,0.9862667719523112,0.0015207190442528362,0.99388,0.007613228047688825,0.007660107908086313,0.055021354307730995,0.001987436009190097,0.039893,0.015128354307730997,0.3792232799671872,0.10180795220870571,0.003890739039411909
cut3r_spatialstack_44323703,SpatialStack 0/1/2,layer_0,200,0.9889764388402303,0.0004103916371865445,0.99388,0.004903561159769643,0.0049337557449286055,0.04939742634693781,0.0008469606338813319,0.039893,0.009504426346937815,0.2382479719985415,0.09113657822847106,0.0017349762548922265
cut3r_spatialstack_44323703,SpatialStack 0/1/2,layer_0,400,0.9907828569412231,0.00047185235784855383,0.99388,0.003097143058776841,0.0031162142902330676,0.046877012898524605,0.0011383410179119514,0.039893,0.006984012898524607,0.17506863105117706,0.08545592664760511,0.0030206238301301257
cut3r_spatialstack_44323703,SpatialStack 0/1/2,layer_1,25,0.9917653600374857,0.00047710427734759227,0.999207,0.007441639962514235,0.007447545866386279,0.04851223776737849,0.0005291864911957916,0.024927,0.023585237767378486,0.946172333910157,0.09318797323046689,0.0018916549262155218
cut3r_spatialstack_44323703,SpatialStack 0/1/2,layer_1,100,0.9971229434013367,0.0002842206158802031,0.999207,0.0020840565986632864,0.002085710567143031,0.034667604913314186,0.0011565368171607688,0.024927,0.009740604913314185,0.39076523100710814,0.06447969294422956,0.0014896060631107348
cut3r_spatialstack_44323703,SpatialStack 0/1/2,layer_1,200,0.9980437755584717,0.0001261087235061346,0.999207,0.0011632244415282766,0.0011641476105834693,0.030923180902997654,0.00019549824116190875,0.024927,0.005996180902997653,0.24054964107183585,0.057436746897332226,0.00036688181924120433
cut3r_spatialstack_44323703,SpatialStack 0/1/2,layer_1,400,0.9988544583320618,5.34184328548819e-05,0.999207,0.00035254166793818875,0.00035282145535228313,0.026988208914796512,0.00022247863455625855,0.024927,0.0020612089147965112,0.08268981083951182,0.04994099265633007,0.0005371170861220566
cut3r_spatialstack_44323703,SpatialStack 0/1/2,layer_6,25,0.9966074426968893,0.0005990938199233914,0.999855,0.0032475573031107707,0.003248028267209516,0.0389653816819191,0.0014415241780330627,0.018918,0.020047381681919097,1.059698788556882,0.07684541378025947,0.0020083408909788185
cut3r_spatialstack_44323703,SpatialStack 0/1/2,layer_6,100,0.999079167842865,0.00020534661735872447,0.999855,0.000775832157135059,0.0007759446691120803,0.02733134167889754,0.0014063487020764946,0.018918,0.00841334167889754,0.4447268040436378,0.051848135837892294,0.0021678603278521462
cut3r_spatialstack_44323703,SpatialStack 0/1/2,layer_6,200,0.9996475378672282,5.341352217636425e-05,0.999855,0.00020746213277189618,0.000207492219143672,0.02299661623934905,0.0003503381162735631,0.018918,0.004078616239349048,0.21559447295427886,0.04362984712633718,0.0005297722085341646
cut3r_spatialstack_44323703,SpatialStack 0/1/2,layer_6,400,0.9998281796773275,3.497540083472724e-05,0.999855,2.682032267253831e-05,2.6824212183304888e-05,0.020621273045738537,0.00024456493953921125,0.018918,0.0017032730457385362,0.09003451980857047,0.03880932650758207,0.0006151278924742637
cut3r_spatialstack_44323703,SpatialStack 0/1/2,layer_27,25,0.6435885032018026,0.00519802707098334,0.850587,0.20699849679819737,0.2433595820277025,0.20961534976959229,0.003493459274572518,0.123149,0.08646634976959229,0.702127908221685,0.3652026257564199,0.004722610924508788
cut3r_spatialstack_44323703,SpatialStack 0/1/2,layer_27,100,0.7532383402188619,0.006273560419798746,0.850587,0.09734865978113805,0.11444879804316084,0.16578331589698792,0.002543962180479281,0.123149,0.04263431589698792,0.34620107265985045,0.2877396642752098,0.0034358029733390387
cut3r_spatialstack_44323703,SpatialStack 0/1/2,layer_27,200,0.786899467309316,0.0025436730828748287,0.850587,0.06368753269068395,0.07487480139090293,0.1527885446945826,0.0011293304932150272,0.123149,0.029639544694582617,0.2406803522122195,0.26624237196483536,0.0027452292293690065
cut3r_spatialstack_44323703,SpatialStack 0/1/2,layer_27,400,0.8208293716112772,0.002992134021353288,0.850587,0.029757628388722757,0.03498481447367848,0.13727660477161407,0.0006288594803426959,0.123149,0.01412760477161408,0.11471960610004207,0.2434982990446276,0.0012682928232729434
zero_spatial,0 spatial,projected_features,25,0.49714937806129456,0.006340651372948727,0.617823,0.12067362193870546,0.19532070178466235,0.30153313279151917,0.006820589551128249,0.228111,0.07342213279151916,0.321870198243483,0.5060980989995957,0.006497835613910943
zero_spatial,0 spatial,projected_features,100,0.538631002108256,0.007443422172236136,0.617823,0.07919199789174403,0.1281791029012258,0.27171321709950763,0.006605965793160239,0.228111,0.04360221709950762,0.1911447369899199,0.45805912764734363,0.0067687552658798646
zero_spatial,0 spatial,projected_features,200,0.5658859411875407,0.0042666893236089935,0.617823,0.05193705881245936,0.08406462500175513,0.2587256332238515,0.000811188599188069,0.228111,0.030614633223851495,0.13420936835072178,0.43469763634080577,0.0021802634870239507
zero_spatial,0 spatial,projected_features,400,0.5889772971471151,0.0010053784941981075,0.617823,0.028845702852884902,0.04668926675258917,0.24474424123764038,0.002114137413030668,0.228111,0.016633241237640373,0.07291731322750929,0.4128705396124812,0.0004746747541448506
zero_spatial,0 spatial,layer_0,25,0.5119003454844157,0.008146265136166243,0.63923,0.1273296545155843,0.19919223834235614,0.29638202985127765,0.0061595267303126405,0.22299,0.07339202985127766,0.3291270005438704,0.49124122542450227,0.007037019655600412
zero_spatial,0 spatial,layer_0,100,0.5560607512791952,0.00209602661217227,0.63923,0.08316924872080478,0.13010848790076307,0.268795649210612,0.010788994027172864,0.22299,0.045805649210612004,0.20541571016911972,0.44416935875571184,0.004828521912739841
zero_spatial,0 spatial,layer_0,200,0.5760283470153809,0.005558480123766683,0.63923,0.0632016529846191,0.09887153760715096,0.24674895405769348,0.005678874281287089,0.22299,0.023758954057693488,0.10654717277767384,0.42115922337385786,0.0028881064227858867
zero_spatial,0 spatial,layer_0,400,0.6043715278307596,0.004879709235195423,0.63923,0.03485847216924032,0.054531971542700314,0.23965442180633545,0.0037905682697683173,0.22299,0.016664421806335455,0.074731700104648,0.4001066396731476,0.0024225746243755593
zero_spatial,0 spatial,layer_1,25,0.51610799630483,0.005846114842548675,0.64669,0.13058200369517003,0.2019236476444201,0.2927560806274414,0.008990240826302875,0.210034,0.08272208062744141,0.39385090331775524,0.4853368559956303,0.00530887264860599
zero_spatial,0 spatial,layer_1,100,0.5663573741912842,0.007220546840102439,0.64669,0.08033262580871581,0.12422122780422738,0.2588682373364766,0.002293552268342201,0.210034,0.04883423733647663,0.2325063434323806,0.4332969641728344,0.004889033033839756
zero_spatial,0 spatial,layer_1,200,0.58332892258962,0.00863182040628534,0.64669,0.06336107741038,0.09797751227076341,0.24862627188364664,0.0019269180819266576,0.210034,0.03859227188364664,0.18374297439293943,0.41724494343006313,0.0066699854607451484
zero_spatial,0 spatial,layer_1,400,0.618532121181488,0.0006388631698307965,0.64669,0.02815787881851195,0.04354154048850601,0.2318092038234075,0.0018570103094968393,0.210034,0.021775203823407502,0.10367466135676844,0.3877369081762679,0.0011533229265979848
zero_spatial,0 spatial,layer_6,25,0.5378555456797282,0.005468771510862972,0.67117,0.1333144543202719,0.198629936260965,0.28288241227467853,0.0052651646391503075,0.201039,0.08184341227467853,0.4071021656229813,0.4653806229581588,0.0017082335392617015
zero_spatial,0 spatial,layer_6,100,0.5962867140769958,0.005073351669377558,0.67117,0.0748832859230042,0.11157126498950219,0.23911031087239584,0.0035027850562713548,0.201039,0.03807131087239585,0.18937276285892712,0.4028337034322475,0.0028666198818728013
zero_spatial,0 spatial,layer_6,200,0.615835706392924,0.0009100318843034303,0.67117,0.05533429360707609,0.08244452762649714,0.22625953952471414,0.0013310798109539268,0.201039,0.025220539524714147,0.12545097978359496,0.38639305343055136,0.0010173193293486068
zero_spatial,0 spatial,layer_6,400,0.6453949610392252,0.0013369538427425937,0.67117,0.02577503896077482,0.03840314519536752,0.21327542265256247,0.002086309194006477,0.201039,0.012236422652562473,0.06086591483524328,0.36364403569674386,0.0004083589856898196
zero_spatial,0 spatial,layer_27,25,0.4660656948884328,0.008705954694965198,0.57555,0.1094843051115672,0.1902255322935752,0.3284121056397756,0.00407603778811539,0.249207,0.07920510563977556,0.31782857479836263,0.5425374492021245,0.00536348077930931
zero_spatial,0 spatial,layer_27,100,0.508587102095286,0.003901142365627565,0.57555,0.06696289790471399,0.11634592633952566,0.28938151399294537,0.002662170603175866,0.249207,0.04017451399294536,0.16120941222736665,0.48909868096016185,0.0020537943658221845
zero_spatial,0 spatial,layer_27,200,0.5300218462944031,0.0007061698493735446,0.57555,0.04552815370559693,0.07910373330830846,0.28213465213775635,0.0037398767680881092,0.249207,0.032927652137756336,0.13212972403566647,0.4688978627135549,0.0021606184696638044
zero_spatial,0 spatial,layer_27,400,0.5481477379798889,0.002285868646531112,0.57555,0.02740226202011109,0.047610567318410374,0.26976168155670166,0.0023984073580061173,0.249207,0.02055468155670165,0.08248035390940722,0.4501329078256153,0.001450755974435748
